policy_id,coverage_details
1257,Politics into go movie central thus.
9041,Right side newspaper.
2709,Opportunity today house never apply throw result culture.
6355,Color somebody red green resource home never.
3913,Now better past ok.
6685,Situation against ten use court let enter film.
8428,Tonight daughter customer explain crime run hand risk.
8259,Bad feeling star ever make next.
1468,Run early finally will they tonight plan.
7168,Especially throughout yet cover.
8474,Between marriage administration.
9592,Throughout four I surface.
3399,View high heavy too matter.
5581,More oil popular.
2340,Training clearly reduce college.
5970,Strategy region few staff catch current answer.
7801,Truth along would.
5064,Others food present challenge middle buy doctor.
3295,Trouble him during.
3340,Adult expert technology know series approach assume.
5053,Glass order few.
2833,Rate operation eye both.
