visitor_id,first_name,last_name
949361,Christopher,Andrews
570410,Dean,Rubio
469548,Amanda,Lewis
711022,Nathan,Black
855772,Christopher,Weber
423638,Brent,Salazar
478587,Wendy,Diaz
881937,Christine,Hamilton
478714,Daniel,Dillon
197040,Christopher,Young
305417,Lorraine,Young
991558,Holly,Mills
512829,Amy,Orozco
171506,Elizabeth,Bauer
204551,Andrea,Brown
238935,Gwendolyn,Walton
288710,Karen,Cruz
830353,Tiffany,Best
792565,Sandra,Nunez
912658,Emily,Ramirez
422133,Justin,Anderson
055618,Dawn,Walker
362623,Nancy,Chang
563159,Karla,Bradshaw
748852,Jeffrey,Taylor
680469,Catherine,Turner
534088,Thomas,Macdonald
760961,Michele,Baker
290408,Logan,Acevedo
042616,Kristin,Lee
347869,Brittney,Williams
949442,Melanie,Greene
820636,Andrew,Melendez
882516,Daniel,Fowler
418807,Marcus,Haney
396627,Deborah,Collins
231534,Bonnie,Bennett
285663,Pamela,Long
129260,Mia,Turner
253704,Seth,Ho
705644,Joshua,Reed
159172,Jason,Hunter
937260,Angela,Johnson
858734,Laura,Kelley
387197,Michael,Wood
632398,Dylan,Hartman
564974,April,Ward
041535,Ronald,Bell
180518,Adrian,Adams
728898,Matthew,Fritz
379719,Charles,Fields
433839,Richard,Jackson
670828,Michael,Harris
274639,Angel,Jones
269204,Robert,Gilmore
811598,Michael,Chapman
627518,Ann,Murray
094770,Jennifer,Zamora
521315,Gary,Jackson
713324,Shawn,Nixon
122034,Nicole,Luna
149829,Suzanne,Baxter
993980,Jose,Smith
725271,Elizabeth,Andrews
058423,Sandra,Dunn
184239,David,Velazquez
885708,Walter,Arroyo
354452,Crystal,Li
687489,Tammy,Fernandez
725014,Danielle,Clark
033316,Mark,Thomas
948992,Lori,Davis
873361,Sarah,Edwards
504362,Dana,Chavez
559082,Hannah,Johnson
805455,Kathryn,Gutierrez
448110,Tyler,Burns
993045,Michelle,Lopez
871981,Jill,Parks
569045,Nicole,Sullivan
739751,Teresa,Knight
690046,Victoria,Harris
036119,Vicki,Lane
332302,Roger,Baird
763543,Anne,Kramer
503595,Peter,Moran
947121,Tammy,Buckley
674761,Stephen,White
859840,Charles,Orr
412980,Paul,May
974687,Colleen,Frey
494345,Eric,Cruz
847575,John,Jacobson
384124,Lorraine,Davis
651727,Ann,French
958691,Jeremy,Baker
033097,Albert,Carroll
125477,Anthony,Morrow
080792,Linda,Perez
100530,Keith,Montgomery
766455,Patrick,Woods
117359,Jessica,House
742667,Mark,Walker
200009,Natalie,Brown
856956,Christopher,Luna
362927,Timothy,Hicks
387651,Thomas,Rivas
605487,Brittany,Little
132086,Anna,Smith
852859,Nicole,Henderson
909054,Wesley,Cobb
919816,Michael,Johnson
664662,Bryan,Bryant
963813,Robin,Johnson
422193,Tammy,Cohen
694639,Melissa,Smith
565948,Jorge,Santos
343923,Christopher,Thompson
992088,Randy,Lin
441444,Melissa,Roberts
830649,Crystal,Snyder
597542,Diane,Riddle
309803,Christina,Ryan
062339,Michael,Pearson
149245,Robert,Clark
678730,Brandy,Church
205093,Angel,Swanson
554548,Erik,Smith
486578,Robert,Hanson
265428,Daniel,Walsh
033299,Kevin,Cisneros
201184,Natalie,Wu
552327,Loretta,Walls
296972,Phyllis,Evans
718876,John,Cooley
528603,Christopher,Rodriguez
988189,Alexis,Griffin
594339,Edward,Rose
503773,Nicholas,Mccarty
098357,Steven,Lewis
819929,Ronald,Martin
001165,Valerie,Ross
800603,Jessica,Martinez
016443,Kevin,Price
940993,Erik,Collins
903302,Troy,Ramirez
227109,Geoffrey,Carter
155660,Lisa,Ortiz
724897,Timothy,Thomas
493343,Michael,Mason
042012,Patrick,Griffin
635272,Felicia,Green
125833,Matthew,Moore
513072,Steven,Bond
506321,Mary,Garza
680476,Katherine,Brown
520237,Anthony,Patterson
514800,Alexandra,Shaw
587357,Anthony,Allen
109705,Kimberly,Patterson
256341,Rickey,Spencer
143594,Colin,Johnson
245959,Rebecca,Pratt
800782,Lisa,Adams
987712,Kimberly,Sanchez
861635,Marcus,Shannon
212538,Laura,Fisher
849854,Sarah,Williams
466223,Lisa,Gonzalez
239902,Audrey,Hawkins
770267,Adam,Randall
752965,David,Solomon
907592,Crystal,Johnson
584613,Elizabeth,Smith
463428,Denise,Castro
800868,Douglas,Arroyo
038059,Amber,Harvey
527581,Tara,Jones
873915,Matthew,Scott
174611,Kevin,Price
807843,Richard,Hernandez
831332,Chad,Gould
361211,Dominic,Warren
166133,Abigail,Hogan
928551,Vincent,Santana
671148,Patrick,Krueger
819949,Mary,King
980688,Andrea,Scott
511117,Maria,Martin
779116,Dana,Harris
254481,Sabrina,Martinez
995147,Adam,York
352121,Kathleen,Dickerson
088487,Jennifer,Zhang
131451,Dorothy,Salinas
795657,Laurie,Clark
293632,Christopher,Serrano
904840,David,Lucas
236759,Heather,Brown
173573,Jeffrey,Johnson
863901,Melanie,Davis
281663,Stephanie,Parks
143673,Kyle,Alexander
874785,Marissa,Lucero
323643,James,Lloyd
422692,Anthony,Herrera
640944,Roger,Thomas
746978,Benjamin,Henderson
680436,Andrea,Ross
344286,Amber,Wu
549063,Brianna,Mccann
052842,Andrew,Schwartz
810272,Elaine,Simmons
603826,Aaron,Fernandez
826345,Thomas,Turner
886611,Angelica,Bell
918487,Anita,Johnson
183459,Troy,Lara
575668,David,Rodriguez
100413,Michael,Pitts
812400,Jennifer,Cortez
704269,Joel,Collins
672688,Stephanie,Stevens
628158,Troy,Cook
104865,Matthew,Webb
115569,Rose,Rogers
597660,Eric,Cline
989964,Wanda,Martin
752929,Toni,Brown
773039,Julie,Patton
565651,Sean,Arias
681969,Adrian,Smith
047551,Erika,Anderson
810130,John,Russell
226001,Jason,Kirk
187563,Vanessa,Tapia
889643,Lisa,Johnson
261375,Oscar,Robinson
941722,Sara,Davis
261842,Alexandra,Williams
305813,Brittany,Coffey
293571,Latoya,Cross
024775,Gregory,Mitchell
355440,Ian,Ball
353772,Joseph,Baker
790975,Marc,Nguyen
645521,Johnathan,Davis
874764,Robert,Martin
125776,Sonya,Rodriguez
337574,Jason,Mathis
523063,Michael,Adams
658896,Joshua,Lopez
728577,Caleb,Nelson
352705,Alvin,Ayala
177038,Tyler,Garcia
246912,Danielle,Taylor
285960,Nicholas,Anderson
282820,Robert,Johnson
169701,Chris,Humphrey
316978,Amy,Lewis
731877,Aaron,Brown
440702,Nicholas,Sandoval
438610,Amy,Hernandez
687683,Catherine,Johnson
840579,Danielle,Bond
573407,Jeffrey,Patrick
256010,Gloria,Espinoza
700515,Madison,Alexander
987191,Amanda,Romero
862520,Betty,Clayton
439662,Kimberly,Richardson
857111,John,Hernandez
336071,Heidi,Evans
406449,Devin,Miller
069612,Michael,Berg
565110,Katelyn,Curtis
100628,Tara,Taylor
831684,Scott,Ochoa
872188,Clifford,Johnson
035573,Ricardo,Henderson
488981,Michael,Salas
642856,Marissa,Rush
983375,Jasmine,Pierce
935028,Matthew,Cook
557754,Jennifer,Mullins
782526,Michael,Walters
357002,Erica,Reese
829938,Megan,Camacho
288012,Jane,Garcia
389715,Diana,Sanders
818323,Susan,Hamilton
404532,Matthew,Buck
953413,Sean,Jenkins
368276,Austin,Mcgee
267712,Leslie,Jackson
448637,Jason,Williams
653349,Sarah,Hamilton
342242,Aaron,Floyd
159060,Michael,Robinson
406148,Christopher,Benjamin
871566,Heather,Peterson
431344,Diane,Martin
495478,Leah,Hubbard
031629,Alexander,Hernandez
338326,Amy,Terry
768966,Joseph,Lewis
457610,Nicholas,Davis
559757,Amanda,Hicks
713890,Stacey,Clark
224779,Amanda,Moore
363664,Kathleen,Griffith
548539,Jonathan,Benson
758210,Troy,Allen
656586,Molly,Hernandez
144345,Alexander,Bowers
240751,Sarah,Valdez
056961,Levi,Castaneda
603345,Sonia,Yoder
649747,James,Scott
553940,Jill,Park
882670,Calvin,Cisneros
678742,Amy,Mcdaniel
042224,Manuel,Wood
763105,John,Brown
986058,Thomas,Hawkins
038861,Joanna,Newman
738266,John,Padilla
853603,Vanessa,Nunez
415948,Regina,Miller
149965,Jessica,Scott
935128,Lauren,Price
227362,Jessica,Middleton
515454,Amanda,Davis
329711,Patricia,Carroll
559248,Michael,Navarro
534244,Gregory,Hayden
383762,Jorge,Moran
791247,Alexis,Gonzalez
026676,Richard,Hancock
979889,Adam,Burns
953530,Cheryl,Pierce
670410,Jacqueline,Phelps
408148,Bonnie,Compton
331948,Timothy,Arnold
320055,Nathan,Moore
585864,Melissa,Lewis
930526,Timothy,Thompson
909477,Joel,Brown
282275,Sarah,Brown
001720,Eric,Mora
981672,Joel,Shepard
232428,Kimberly,Becker
119679,Ashley,Lee
025556,Amanda,Martinez
261088,Brian,Zimmerman
320283,David,Franco
698462,Kathryn,Zhang
187189,Jessica,House
793590,Natalie,Thomas
071534,Jacob,Webb
077491,Chad,Solis
714698,Megan,Thompson
979418,Brandon,Jackson
346565,Richard,Freeman
956740,William,Miller
101837,Chad,Charles
181806,Michele,Gamble
047184,Amy,Hines
912653,Joseph,Murphy
325479,Charlene,Young
206607,John,Gonzales
367344,Bruce,Sheppard
387219,Andrew,Jenkins
464060,Albert,Booth
919347,Mary,Gonzalez
170006,Zachary,Moore
954689,Joshua,Deleon
756168,Courtney,Molina
021136,Joseph,Edwards
302082,Jeffery,Wilson
157346,James,Carson
288977,Matthew,Hicks
282699,Alex,Jones
441855,Grace,Brooks
170775,Susan,Wolf
482755,Jackson,Miller
930824,Shelly,Taylor
129734,Willie,Collins
455784,Karla,Gonzalez
817297,Howard,Duncan
262059,Nicholas,Johnson
369896,Shane,Mcneil
602735,Larry,Riley
490764,Jeremiah,Murphy
587433,Jennifer,Hamilton
529396,Lauren,Burch
676927,Amber,Morris
118862,Christopher,Davenport
422977,Jack,Hampton
317202,Jodi,Huerta
803855,Judy,Foster
590740,Rodney,Gonzalez
153532,John,Austin
474667,Julie,Wright
336626,Felicia,Harris
167941,Ryan,Mclaughlin
663637,Gregory,Sullivan
404061,Kristin,Carter
760331,Jessica,Reyes
476455,Michael,Galloway
730096,Johnny,Ramsey
895277,Kristin,Palmer
251989,Jessica,Smith
288596,Tammy,Cooper
311400,Felicia,Duffy
521219,Madison,Jennings
240639,John,Frazier
474798,Christopher,White
214336,Jodi,Robinson
575812,Erin,James
843590,John,Hernandez
789877,Trevor,Pena
317888,Nathan,Estrada
918781,John,Howard
042116,Brent,Gray
970918,Paula,Garcia
494418,Joseph,Watson
993508,Roger,Marks
003186,George,Mcconnell
167627,Kenneth,Gregory
091956,Nicole,Moore
044373,Nicole,Anderson
275775,Hailey,Cohen
075655,Julie,Anderson
084255,Steve,Henry
122811,Emily,Brown
013833,Kathleen,Johnson
225263,Lisa,Perez
432033,Bruce,Smith
494170,Cynthia,Zimmerman
900619,David,Johnson
544879,Anita,Daniel
230019,Edwin,Martinez
776790,Christine,Ross
581773,James,Collins
009029,Louis,Miranda
698690,Joel,Anderson
207217,John,Calhoun
371281,David,Robinson
571722,Joshua,Barnett
164962,Marissa,Garcia
583736,Mallory,Barnett
654481,Monica,Romero
562544,Daniel,Taylor
610993,Joyce,Roth
812252,Michelle,Chambers
490485,Joshua,Bryant
817714,Christine,Morrison
450238,Nicole,Myers
886052,Bryan,Lee
103529,Derek,Bryant
097718,Michelle,Evans
165366,Tyler,Lewis
678953,Nicole,Austin
193803,Bethany,Avila
202787,Charles,Pearson
371618,Jon,Reynolds
957517,Lori,Anthony
778890,Erica,Grant
287936,Timothy,Acosta
839317,Steven,Thomas
176964,Jonathan,Johnson
750342,Lisa,Pierce
091841,Heather,Gilmore
502270,Nicole,Taylor
425041,Christina,Johnson
297450,Mary,Moore
176481,Randall,Hale
477037,Shelia,Simon
192149,Francisco,Murphy
630831,Lauren,Tucker
634940,Virginia,Duffy
505584,Bryan,Smith
748186,Mary,Dalton
891773,Jill,Gutierrez
445529,Brian,Evans
276532,Stephanie,Daniels
801132,Alexis,Fuentes
449613,Drew,Jones
887827,Ashley,Phelps
891195,Kimberly,Garcia
370704,Stephanie,Perez
214856,Bryan,Hernandez
684729,Megan,Brown
089089,Lisa,Hill
470032,Kathryn,Valdez
287675,Ryan,Fox
076812,Christopher,Schultz
013989,Christina,Silva
572817,Kevin,Kennedy
