patient_id,email
6063167320,jeffrey11@example.net
6063167320,kparker@example.com
5506324355,cwilliams@example.org
2649214782,fsoto@example.org
2649214782,gstewart@example.org
9694068220,timothyhamilton@example.org
5863968055,stevensellen@example.com
8960899052,sheryl66@example.org
8960899052,anavarro@example.net
0855655016,xwatson@example.net
3712376485,nicolehunter@example.org
3712376485,seannelson@example.com
2552972996,campbelleric@example.com
2552972996,jwhite@example.net
8759820652,julie37@example.net
8759820652,parkerjames@example.net
9084222294,kboyd@example.org
3492132392,troth@example.net
3492132392,mcculloughstacy@example.com
0360026548,carrbrian@example.com
7424026363,grosskevin@example.org
7424026363,pboyle@example.com
9100656003,mark74@example.org
8400691482,ashleyacosta@example.org
8400691482,carlrichardson@example.org
3304186552,baileyashley@example.net
3304186552,erica00@example.org
6853119416,browndiane@example.com
6853119416,teresa87@example.com
3641048591,hartmankurt@example.com
1662389641,jrose@example.com
1662389641,czimmerman@example.com
4392770979,emilybright@example.com
4392770979,thomas88@example.com
3354651965,barbara67@example.org
7846879816,jordan34@example.net
6826903626,melindaholmes@example.org
6900902451,muellerchristian@example.org
6900902451,robert49@example.org
5442408301,ifoster@example.com
5442408301,mariakim@example.org
3615736965,anitadominguez@example.com
3615736965,dhenderson@example.org
6635958458,sandra73@example.com
6635958458,michaeljensen@example.org
0228703886,wkelley@example.org
8154938267,clyons@example.com
8154938267,aaronperry@example.org
6034131466,igreen@example.net
3653372300,christinacook@example.net
7408701855,ybrown@example.com
7408701855,pmcclure@example.com
9371180943,kathy33@example.com
9005302310,washingtoncathy@example.net
4153265317,randyblack@example.org
4153265317,matthew21@example.org
0905162782,patricia53@example.com
0905162782,chavezstephanie@example.org
2530767248,tranfrancisco@example.com
7333527183,brandon92@example.org
8711843082,greenlarry@example.org
8711843082,jgonzalez@example.org
0456953647,jeremiahmorris@example.com
0456953647,emcclure@example.org
7285210275,annamorgan@example.org
7285210275,christina09@example.net
0725667752,pvargas@example.net
7145857358,stephaniedaniel@example.com
7145857358,kyle12@example.net
6165917719,julie87@example.org
1820269067,matthewowens@example.org
1820269067,johnsmith@example.org
2226504018,lynchdavid@example.net
0029639335,deanna39@example.com
0029639335,jgarcia@example.net
8333545648,michael21@example.com
7444995836,roger77@example.org
