visitorID,firstName,lastName
579227,Amy,Moore
782766,Christian,Smith
803660,Bryan,Patterson
381377,Anthony,Simpson
553253,Pamela,Lopez
794316,Tracy,Pacheco
235320,Alyssa,Clark
675710,Alexandra,Campbell
319591,Raymond,Jones
431374,David,Mejia
921224,Brenda,Juarez
831191,William,Hatfield
013116,Martin,Jenkins
811062,Shawn,Robinson
339379,Jorge,Bennett
634926,Philip,Ballard
382900,Wesley,Wood
999918,Allison,Haas
115982,Todd,Gomez
984018,Pamela,Smith
691877,Samantha,Jackson
287702,James,Lozano
848312,Erin,Mitchell
007635,Deborah,Williams
276168,Spencer,Gutierrez
567537,Jeffrey,Carter
977674,Michael,Lewis
258532,Abigail,Jackson
056972,Julie,Potter
947088,Eric,Henry
523160,Anthony,Wilson
242283,David,Best
930045,Susan,Mcclain
137971,Jennifer,Stanton
888660,Joseph,Martinez
933239,Brittany,Lee
268099,Tracy,Gomez
580652,Anthony,Dawson
288049,Joseph,Adams
810687,Jennifer,Walker
614950,Todd,Jones
903161,Michael,Mooney
427784,Mark,Gates
205525,John,Allen
206574,Heather,Holmes
804789,Briana,Banks
969742,Steven,Moreno
020809,Stephanie,Warren
194225,Ashley,Rowland
222532,Alexander,Cox
242847,Stephanie,Hunt
663618,Jessica,Ortiz
855317,Joe,Lucas
952210,Carolyn,Washington
085435,Stephanie,Wood
863522,Carl,Levine
644718,Renee,Williams
157527,Adrienne,Lawrence
331233,Glenda,Gregory
519066,Isaiah,Barnes
534218,Valerie,Price
018992,Melissa,Hoffman
208803,Richard,Ford
384997,Jessica,Crawford
320468,Chelsea,Nguyen
760766,Patricia,Alexander
955190,Michael,Castro
925600,Troy,Bennett
295406,James,Mejia
324557,Eric,Garcia
689847,Lori,Little
237952,Timothy,Mccoy
449358,Robert,Reeves
451763,Deborah,Vega
510484,Michael,Calderon
338248,Brent,Butler
201273,Angela,Jenkins
209856,Donald,Rojas
849188,Daniel,Johnson
342350,Melanie,Torres
463331,Kristi,Davis
421717,Molly,Mccann
136814,Alison,Lewis
466648,Betty,Estrada
590000,Carrie,Henry
374996,Emily,Booth
334932,Patricia,Spencer
165253,Brianna,Mcdonald
046727,Brian,Keith
840985,John,Case
057645,Douglas,Munoz
211938,Julie,Jordan
145007,Chad,Mata
630744,Mark,Quinn
862680,Jennifer,Russell
055750,Brendan,Hatfield
702726,Alexis,Lutz
111791,Jennifer,Goodman
406075,Mary,White
266303,Richard,Newman
797484,Joseph,Herrera
785966,Carol,Russell
954253,Virginia,Richards
516803,Sarah,Marsh
884855,Daniel,Smith
534952,Melissa,Herrera
941575,Courtney,Ball
419591,Tyrone,Lopez
779054,Mary,Martinez
595790,Xavier,Fischer
210782,Andrew,Burton
271461,Robert,Johnson
026014,Lori,Tran
123145,Melanie,Baker
063976,Samantha,Jennings
493253,Katherine,Branch
732226,David,Kelly
576628,Ashley,White
905671,Ann,Walter
837024,Donna,Young
310654,Ronnie,Campbell
443696,Eric,Patrick
300141,Donald,Kelley
489115,David,Rodgers
333116,Alyssa,Miller
165937,John,Hardy
410959,David,May
859028,Mario,Chavez
307389,Ashley,Lee
806794,Timothy,Spence
365192,Mandy,Solis
475305,Heather,Hernandez
886701,Elizabeth,Price
549486,Dan,Robertson
826885,Eric,Kennedy
677241,Nicole,Montgomery
459815,Danny,Richard
760425,Jonathan,Hodges
040144,Peter,Rowland
840549,Laura,Morgan
654801,Brian,Ali
586307,Samuel,Williams
005773,Barbara,Romero
088182,Jamie,Vasquez
133672,Angela,Mitchell
325540,Jennifer,Smith
029230,Jorge,Diaz
888849,Jodi,Sanchez
451056,David,Clayton
036517,Anthony,Chan
566778,Robert,Freeman
373614,Jennifer,Matthews
999483,Kristin,Fuller
686574,Linda,Orozco
642068,James,Parker
539506,Kayla,Taylor
550376,Andrew,Hendrix
762641,Audrey,Davis
841696,Alicia,Ellis
875190,Pamela,Farley
440632,Thomas,Moses
889384,Daniel,Jones
155157,Scott,Abbott
617547,Edward,Taylor
625802,Brandon,Johnson
258266,Anne,Bennett
807612,Kimberly,Rogers
209918,Christopher,Watts
212248,Dana,Velasquez
512647,Travis,Alexander
286591,Jonathan,Myers
392595,Richard,Marsh
336615,Denise,Figueroa
322265,Laura,Richards
571059,Steven,Barajas
399320,Daniel,Riley
836007,Frank,Hughes
507124,James,Adams
597118,Bianca,Powers
804007,Nicole,King
808379,David,Morgan
917219,Robert,Garcia
253424,David,Hamilton
269003,Holly,Smith
988017,Christopher,Perez
813286,Samuel,Jackson
607489,Ashley,Stephenson
660013,Robert,Crane
466295,Bradley,Stafford
138120,Bradley,Sanders
112943,Kyle,Cortez
992741,Christopher,Johnson
117067,Richard,Hill
839992,Christina,Wolfe
230036,Dominique,Duncan
034466,Tammy,Fisher
122044,Michael,Gordon
207736,Edward,Anderson
606901,Carlos,Flores
627109,Lori,Griffith
954224,Ashley,Hoover
540628,Laura,Robinson
283940,Brian,Freeman
479293,Daniel,Griffin
410879,Michael,Martinez
732959,Brandon,Williams
967916,Debra,Hamilton
113518,Laura,Santiago
163908,Brad,Conrad
235317,Deborah,Rivera
106944,Martha,Johnson
698641,Jennifer,Marks
592877,Kelly,Clark
318085,Robert,Rodriguez
541142,Destiny,Rhodes
709647,Kevin,Cordova
724984,Julie,Moody
952619,Benjamin,Collins
670834,Jeremy,Lee
710117,Susan,Ellis
814426,Daniel,Perkins
358796,Angela,Herman
997180,James,King
675792,Lisa,Porter
195693,Diana,Hill
698979,Phillip,Frye
455134,Christina,Smith
470333,Elizabeth,Baker
288491,Kevin,Tapia
816205,Melissa,Davis
739552,John,Sanchez
561303,Michael,Henry
545345,Joseph,Prince
015788,Joy,Lara
518112,Bobby,Owens
336255,Paul,Mejia
121642,Amanda,Baldwin
580000,Aimee,Valdez
043942,Laura,Miller
325663,Tracey,Allen
300361,Wendy,Cooper
956317,Matthew,Reyes
039170,Adam,Hutchinson
001729,Joshua,Sexton
459636,Raymond,Fletcher
050215,Kelly,Morgan
791898,Erica,Leon
638671,Kimberly,Paul
575654,Fernando,Ward
700305,Katherine,Wright
632856,Charles,Alvarado
260213,Heather,Carlson
855702,Karen,Powell
794752,Jacob,Gutierrez
221123,Thomas,Morrow
285252,Natalie,Rangel
225830,Steven,Juarez
786499,Hannah,Perez
580648,Jim,Morgan
441054,Amy,Pace
919936,Jacqueline,Martin
948134,Jeremy,Glass
000797,Erin,Lloyd
436735,Angela,Jefferson
973140,Leah,Gallagher
866457,Jason,Browning
832708,Christopher,Matthews
420654,Alexander,Wilson
496901,Catherine,Hodges
891954,Melissa,Collier
375087,Gary,Chung
479769,Nancy,Lopez
826691,Sean,Herrera
870361,Linda,Hampton
416733,Julie,White
913542,Deborah,Moreno
440492,David,Johnston
480298,Kayla,Kelly
511613,Shannon,Zimmerman
615859,Jacqueline,Evans
302349,John,Allen
564758,Nancy,Rodriguez
016480,Amanda,Good
948202,Jessica,Dunn
560098,Stephanie,Cline
919395,Anna,Hill
954590,Marc,Holt
429567,Ashley,Henry
709942,Kathryn,Brown
425638,Daniel,Harris
536554,Stephen,Carter
701173,Anthony,Long
816229,Rose,Perez
120712,Julia,Smith
990005,Chris,Chapman
590451,Mitchell,Wilson
899617,Margaret,Bowen
230846,Kyle,Smith
578153,Pamela,Mccarthy
279940,Jill,Banks
353003,Maria,Newman
613895,Darius,Robinson
184118,Willie,Schroeder
140276,Matthew,Martinez
326585,Jessica,Phillips
103009,Valerie,Richards
656660,Mary,Gonzalez
710797,Beth,Graham
693867,Ashley,Foster
404895,Ann,Fischer
351938,Jessica,Armstrong
904439,Katherine,Barton
564876,Sarah,Cisneros
709311,William,Vaughan
679519,Raymond,Nelson
277712,Lauren,Ray
668241,Brian,Blake
457061,Yvonne,Crawford
896437,Amy,Norris
993656,Sara,Oliver
357898,Robert,Stokes
144123,Jessica,Kent
566949,Kim,Frank
435091,Rebecca,Glass
014493,Dylan,Jackson
546317,Patricia,Phelps
881346,Terri,Hood
472559,Scott,Mckinney
669842,Jennifer,Schwartz
966841,Emily,Cooper
791827,Larry,Holt
738802,Joseph,Webster
415682,Jeffrey,Stewart
793515,Christopher,Meyer
751478,Jorge,Stanton
343645,Susan,Watkins
018848,Lisa,Mccarty
858446,Kevin,Morales
476206,Danny,Bradley
701537,Jessica,Patrick
446455,Larry,Thomas
837574,Nicholas,Salinas
747187,Sara,Jackson
307177,Lori,Henry
408841,Brandy,Martin
951064,Susan,Johnson
628913,Fred,Lewis
468454,Dustin,Smith
886836,Michele,Salazar
058936,Austin,Espinoza
924229,Jon,Mann
861025,Javier,Hall
071351,Katherine,Mendez
020354,Melissa,Trevino
579513,Calvin,Cabrera
336633,Brandon,Parrish
313093,Kristen,Deleon
718368,Eric,Wilkerson
481167,Brittany,Johns
627156,Sean,Edwards
825157,Darren,Porter
041723,Ryan,Bryant
239604,Kathryn,Weiss
570576,Kelsey,Russell
523494,Jenna,Moreno
194679,Samantha,Mills
548703,Jo,Williams
676778,Kara,Hernandez
628432,Sharon,Meyer
880335,Lisa,Garrison
761062,Joseph,Warren
652182,Anna,Pruitt
749078,Johnny,Diaz
482213,Juan,Wright
560501,Shane,Holden
421489,Jessica,Kirk
604203,Melvin,Powell
980427,Stephen,White
760280,Carl,Lawson
394634,Tiffany,Adams
291395,Joshua,Ford
299564,Melody,Stewart
952704,Sierra,Rogers
117291,Jamie,Mcgee
134519,Denise,Russell
807043,Tamara,Craig
091762,Angela,Lyons
488212,Michael,Jackson
713499,Michael,Morrison
916019,Jody,Owens
253615,Christina,Haley
303857,Summer,Martinez
401573,Michelle,Munoz
037519,John,Green
414080,Daniel,Ross
292619,Stacy,Schmitt
991288,Paul,Hunt
902904,Wesley,Jones
593380,Brooke,Ramsey
593237,Rebecca,Wilson
894880,Thomas,Chase
260425,Mark,Richardson
678934,Christopher,Hanson
623418,John,Barnett
696887,Kathleen,Walker
995148,Jerry,Bryant
208304,Andre,Brown
420527,Steven,Lewis
677773,Mary,Patterson
799387,Christopher,Gonzalez
563974,Peter,Richardson
798342,Susan,Cooper
707556,Angel,King
242443,Jonathan,Walker
284580,Justin,Johnson
295316,Kevin,Hall
456424,Tyler,Cook
162362,Randy,Price
668329,Melissa,Allen
746784,Nancy,Scott
959361,Sean,Baker
753560,Michelle,Brown
731633,Melissa,Lee
060007,Nathan,Rios
576482,Courtney,Martin
061262,Jennifer,Smith
908684,Mary,Green
073349,Julia,Castillo
017425,Sheila,Raymond
510946,Andrea,Tran
599422,William,Johnson
770066,Kimberly,Dean
099117,Erin,Black
577390,Gerald,Hall
245410,Hailey,Yoder
445176,Summer,Gallagher
581075,David,Sutton
443425,Becky,Mack
102942,Melanie,Park
522046,Tiffany,Austin
217362,Jonathan,Wilson
044538,Jessica,Martin
670374,Taylor,Roach
576129,Sharon,Carter
035452,Tracy,Meadows
111473,Mark,Robinson
896115,Caroline,Lloyd
192990,Jonathan,Downs
222983,Erin,Martinez
549650,Linda,Clark
391370,Linda,Ruiz
039325,Alicia,Nguyen
281351,Janice,Suarez
171638,Marcia,Wallace
054000,Deanna,Guerra
467223,Rachel,Brown
229351,Erika,Lopez
630581,Stephanie,Wright
326278,Andrea,Lewis
039795,Michael,Cooper
620829,Jeremy,Baker
326405,Larry,Miller
800913,Joshua,Jackson
618387,Brian,Bradley
632579,Lisa,Hammond
198351,Sean,Schwartz
224240,Jennifer,Jones
963223,Manuel,Jackson
142569,Brendan,Wallace
753081,Penny,Pace
262151,Wendy,Smith
344064,Kyle,Ferrell
448023,Daniel,Bryant
748838,Andrea,Garcia
155473,Gloria,Harris
633720,Tammy,Bradley
806250,Rita,Brown
041935,Jeffery,Franklin
698209,Adam,Stafford
572546,Jeffery,Evans
365128,Frances,Young
201256,Mark,Wright
856497,Mario,Alexander
824145,Hayley,Stewart
098287,Leah,Shaw
327592,Timothy,Kirby
775245,Kimberly,Jones
893342,Michael,Walker
530111,Amber,Ford
882397,Randall,Quinn
542815,Michael,Santos
979923,Nicole,Patterson
119953,Victor,Carlson
855105,William,Jennings
051675,Charles,Rodriguez
849766,Shannon,Zimmerman
754101,Linda,Mathews
745787,Jennifer,Griffin
116237,Sonia,White
260410,Kristopher,Johnson
283768,Matthew,Hampton
450205,Thomas,Adkins
744397,Thomas,Bautista
275377,Christopher,Mitchell
835925,Sharon,Carter
524992,Brooke,Allen
742326,Angela,Mccullough
999693,James,Kelley
232252,Julie,Cuevas
063948,Natalie,Santos
525615,Steve,Davis
988726,Jonathan,Martinez
250098,James,Beck
313338,Shawn,Bradley
550462,Haley,Garcia
580975,Stephen,Sharp
063410,Allen,Leon
649508,Marcus,Carlson
390807,Crystal,Russell
673262,Deborah,Hebert
391619,Keith,Wheeler
186276,Lisa,Taylor
853851,Joe,Arellano
484248,Sarah,Smith
196754,David,Hoover
513955,Brooke,Harris
013740,Sarah,Reeves
407347,Tammy,Fowler
309455,Kelly,Delgado
533403,Jamie,Lee
844223,Christian,Davis
925941,Danielle,Pittman
034090,Karen,Salazar
415952,Austin,Alexander
928497,Joseph,Howard
294904,Pamela,Stephens
001331,Renee,Butler
408357,Robert,Clark
675506,Kaylee,Reed
476417,Jason,Buchanan
055369,Sara,Lee
751623,Justin,Jacobs
604999,Lindsay,Franklin
989072,Taylor,Young
705752,Timothy,Daniels
962164,Jessica,Wall
011133,Jeremy,Butler
431794,Cindy,Morton
060705,Tara,Jones
166903,Lacey,Luna
398248,James,Baker
847447,Tiffany,Wright
207892,Diana,Matthews
452873,Mary,Wright
731995,Alyssa,Howe
347413,Ryan,Cobb
370375,Penny,Daniel
617748,Gregory,Gardner
368261,Charles,Gould
487435,Lori,Johnson
587034,Sharon,Phillips
232359,Gina,Golden
730587,Krystal,Oliver
351825,Christopher,Bullock
366689,Amanda,Cannon
480397,Austin,Barber
078090,Christopher,Wilson
344540,Kimberly,Huffman
162334,Michael,Thornton
388734,Patrick,Santos
125416,Miguel,Dixon
808003,Caroline,Reed
574241,William,Kramer
618731,Nicole,Petty
936002,Monica,Russell
130691,Edward,Rodriguez
049959,Jamie,Valdez
150822,Kristi,Graham
069006,Christine,Wright
161721,Roger,Gonzalez
278176,Keith,Rodriguez
803633,Andrea,Obrien
481179,David,Moss
147810,John,Cox
705307,Daniel,Mathis
312858,Maria,Hernandez
140334,Justin,Kelly
775811,Tanya,Guerra
895578,Jodi,Jordan
831636,Lisa,Boyle
697361,April,Cervantes
239317,Kyle,Moore
656611,Nancy,Hutchinson
535072,Anna,Baker
169506,Angela,Webb
204202,Caitlin,Thornton
345930,Darren,Harper
342377,Margaret,Saunders
802162,Dominic,Morrow
690009,Robert,Williams
981912,Anthony,Bryan
008418,Melissa,Butler
895457,Evan,Fleming
145493,Andrew,Davis
367263,Randall,Butler
448114,Brian,Rodriguez
305826,Dean,Cole
932618,Paul,Martinez
509197,Katrina,Perkins
770127,Antonio,Brown
997209,Gregory,Shepard
866641,Anna,Schmidt
032094,Joy,Ferguson
765078,Kevin,Duran
132127,Phyllis,Bell
742622,Joshua,Hall
949647,Jessica,Pitts
959552,Zachary,Martinez
337468,Kevin,Lopez
343239,Taylor,Yu
648770,Kenneth,Wells
135228,Joel,Morrison
612103,Judy,Robles
240947,Stacey,White
892752,Elizabeth,Russell
177782,Sara,Buchanan
518160,Michelle,Smith
723962,Brandon,Chang
610307,Anna,Fox
588723,Kathryn,Pierce
443845,Stacy,Daniel
732339,Jason,Oliver
839043,James,Sims
716553,Donald,Nelson
213999,Joshua,Juarez
697158,Tiffany,Morris
168896,Patrick,Burgess
860787,Michele,Carey
921186,Luis,Williams
585352,Jacob,Holloway
717376,Dan,Schneider
131839,Valerie,Lewis
143683,Kelly,Woods
122708,Jeffery,Smith
638896,Shawn,Li
806186,Christopher,Edwards
529062,Tara,Swanson
624906,Curtis,Smith
267848,Christine,Kennedy
993010,Jennifer,Goodwin
676379,Alex,Schroeder
395723,Lisa,Smith
585618,Amanda,Koch
988096,Jacqueline,Armstrong
615837,Hannah,Johnson
772973,Shawn,Wright
045601,Curtis,Mitchell
426793,Russell,Medina
521876,Angela,Conway
584797,Aimee,Bradshaw
663850,Melissa,Ross
377742,Heidi,Harris
190950,Trevor,Sanchez
413635,Marcus,Smith
433821,Joanna,Barnes
726101,Todd,Adams
323056,Theresa,Horne
746073,Alexis,Smith
704952,Cheryl,Hughes
310717,Perry,Gibson
693695,Melvin,Russell
031917,Erin,Franco
985803,Teresa,Sanders
985766,Robert,King
258434,Kathryn,Dawson
332797,Sharon,Carpenter
977622,Daniel,Miller
301401,Isaiah,Miles
261797,Thomas,Cochran
909248,Daniel,Brown
387615,Christopher,Salas
119115,Henry,Gray
503809,James,Davis
451942,Roy,Bruce
884908,Brian,Shepard
635309,Jacqueline,Preston
334137,Brenda,Kim
361239,David,Parks
264655,Vincent,Reilly
243441,Chelsea,Alvarez
032901,Shelby,Kirk
711188,Mason,Silva
056246,Roger,Wilson
415654,Alexandria,Martin
339819,Joseph,York
271754,Crystal,Harris
395163,Maria,Moyer
667180,Bob,Holmes
009775,Andrew,Thompson
275930,Steven,Sanders
378329,Jacob,Murphy
674559,Kimberly,Smith
828770,Ann,Blair
970218,Amy,Rogers
464525,Robert,Murray
312924,Jennifer,Ward
643642,Alexis,Boyd
706036,James,Drake
964197,Christopher,Pierce
181231,Nancy,Garcia
888300,Tamara,Carpenter
006728,Lisa,Khan
732673,Joshua,Moore
580859,Thomas,Walters
080953,Cassandra,Johnson
778559,Deborah,Li
519827,Michael,Gray
921199,Jaclyn,Garrison
199560,Debra,Martinez
991877,Sarah,Santos
629062,Mackenzie,Carter
686070,Adrian,Hunt
751283,Dwayne,Chavez
363937,Bobby,Haynes
822840,Anna,Pena
299349,Jenny,Schaefer
028490,Andrew,Rice
819673,Laura,Caldwell
591904,Anna,Williams
621443,Edward,Sanders
286809,Keith,Hughes
636385,Sharon,Trujillo
984391,Diane,Lopez
412088,Anthony,Goodwin
921082,Bryan,Powers
065945,Chris,Booker
051184,Michelle,Lawrence
577359,Michael,Fitzgerald
138573,Jason,Munoz
807834,Valerie,Ellis
967149,Jeffrey,Robinson
135864,Bruce,Arnold
816859,Cynthia,Chan
271591,Zachary,Gates
390969,Nathan,Leon
058630,George,Wright
241484,James,Mitchell
256319,Sean,Atkins
182162,Rebecca,Cunningham
754526,William,Carter
054097,Amy,Sherman
989171,Timothy,Knapp
227474,Connor,Wright
028173,Fred,Thomas
937369,Stacy,Taylor
468327,Janet,Levy
139471,Kimberly,Johnson
562791,Emily,Bailey
233690,Benjamin,Chandler
124878,Melissa,Hanson
756425,Samuel,Jones
487475,George,Carney
353779,Shelley,Marshall
352038,Tyler,Orozco
882899,Jennifer,Archer
799023,Joseph,Rodriguez
112262,Sean,Wilson
321259,Rodney,Harrison
447460,Kevin,Hill
959847,Alice,Palmer
540878,David,Huff
793328,Sara,Freeman
044574,Lawrence,Bolton
428151,Tammy,Valdez
845549,James,Kelley
130423,Fernando,Davies
108769,Jonathan,Brown
715379,Sarah,Butler
344747,Matthew,Richard
232059,Walter,Moore
998068,Donald,White
990239,Evan,Marquez
739777,Patrick,Peterson
986754,Bobby,Johnson
640859,Jason,Boyd
515847,Brittany,Lawson
558777,Kathleen,Perez
550262,Lisa,Day
981537,Alicia,Townsend
703021,Patricia,Cardenas
349161,Nicole,Rios
301897,Crystal,Stewart
925560,Maria,Johnson
977787,David,Kane
395851,Christine,Myers
221555,Adriana,Baker
427503,Joanna,Gates
188376,Andrew,Parker
278926,Julie,Berry
401983,George,Tucker
